INSERT INTO mydb.employee (emp_id, emp_fname, emp_lname, emp_contactno, emp_hiredate, emp_dept, emp_position, emp_address, emp_email, emp_city, emp_state, emp_zipcode, emp_country)
VALUES
   (1, 'James', 'Smith', '555-1234', '2022-01-01', 'Sales', 'Associate', '123 Main St', 'james.smith@email.com', 'Sacramento', 'CA', '94208', 'USA'),
  (2, 'Michael', 'Smith', '555-5678', '2022-02-15', 'HR', 'HR Manager', '456 Oak St', 'michael.smith@email.com', 'Albany', 'NY', '12220', 'USA'),
  (3, 'Robert', 'Smith', '555-9876', '2022-03-20', 'IT', 'Software Developer', '789 Pine St', 'robert.smith@email.com', 'Dallas', 'TX', '75201', 'USA'),
  (4, 'Maria', 'Garcia', '555-5432', '2022-04-05', 'Finance', 'Accountant', '101 Elm St', 'maria.garcia@email.com', 'Tampa', 'FL', '33602', 'USA'),
  (5, 'David', 'Smith', '555-8765', '2022-05-10', 'Logistics', 'Warehouse Supervisor', '202 Maple St', 'david.smith@email.com', 'Phoenix', 'AZ', '85060', 'USA'),
  (6, 'Maria', 'Rodriguez', '555-2345', '2022-06-15', 'Marketing', 'Marketing Specialist', '303 Birch St', 'maria.rodriguez@email.com', 'Vancouver', 'WA', '98668', 'USA'),
  (7, 'Mary', 'Smith', '555-6789', '2022-07-20', 'Customer Service', 'Customer Service Representative', '404 Cedar St', 'mary.smith@email.com', 'Portland', 'OR', '97205', 'USA'),
  (8, 'Maria', 'Hernandez', '555-7654', '2022-08-25', 'IT', 'Database Administrator', '505 Walnut St', 'maria.hernandez@email.com', 'Denver', 'CO', '80013', 'USA'),
  (9, 'Maria', 'Martinez', '555-4321', '2022-09-30', 'Sales', 'Sales Manager', '606 Pine St', 'maria.martinez@email.com', 'Los Angeles', 'CA', '90001', 'USA'),
  (10, 'James', 'Johnson', '555-8765', '2022-10-05', 'Logistics', 'Supply Chain Analyst', '707 Oak St', 'james.johnson@email.com', 'Austin', 'TX', '78613', 'USA'),
  (11, 'Daniel', 'Taylor', '555-2345', '2022-11-10', 'Finance', 'Financial Analyst', '808 Elm St', 'daniel.taylor@email.com', 'Rochester', 'NY', '14608', 'USA'),
  (12, 'Sophia', 'White', '555-9876', '2022-12-15', 'Marketing', 'Marketing Manager', '909 Maple St', 'sophia.white@email.com', 'Tallahassee', 'FL', '32307', 'USA'),
  (13, 'Christopher', 'Harris', '555-1234', '2023-01-20', 'IT', 'Systems Analyst', '111 Birch St', 'christopher.harris@email.com', 'Sedona', 'AZ', '86336', 'USA'),
  (14, 'Isabella', 'Martin', '555-5678', '2023-02-25', 'Customer Service', 'Customer Service Supervisor', '222 Cedar St', 'isabella.martin@email.com', 'Olympia', 'WA', '98503', 'USA'),
  (15, 'Matthew', 'Thompson', '555-9876', '2023-03-30', 'Sales', 'Sales Associate', '333 Walnut St', 'matthew.thompson@email.com', 'Boulder', 'CO', '80309', 'USA'),
  (16, 'Emma', 'Garcia', '555-5432', '2023-04-05', 'Logistics', 'Logistics Coordinator', '444 Pine St', 'emma.garcia@email.com', 'San Diego', 'CA', '92101', 'USA'),
  (17, 'Andrew', 'Martinez', '555-8765', '2023-05-10', 'IT', 'Network Administrator', '555 Oak St', 'andrew.martinez@email.com', 'El Paso', 'TX', '79915', 'USA'),
  (18, 'Madison', 'Robinson', '555-2345', '2023-06-15', 'Marketing', 'Digital Marketing Specialist', '666 Elm St', 'madison.robinson@email.com', 'Utica', 'NY', '13501', 'USA'),
  (19, 'Joseph', 'Clark', '555-7654', '2023-07-20', 'Finance', 'Finance Manager', '777 Maple St', 'joseph.clark@email.com', 'Orlando', 'FL', '32801', 'USA'),
  (20, 'Ella', 'Lewis', '555-4321', '2023-08-25', 'Customer Service', 'Customer Service Representative', '888 Cedar St', 'ella.lewis@email.com', 'Scottsdale', 'AZ', '85259', 'USA');
  
INSERT INTO mydb.Salary (payroll_id, salary, hours_worked, overtime_hours, deductions, bonus, net_pay, payroll_date, entitled_dividends, employee_emp_id, hourly_rate)
VALUES
  (1, 60000, 160, 10, 5000, 2000, 57500, '2023-01-31', 2, 1, 30),
  (2, 70000, 150, 8, 4500, 2500, 66500, '2023-02-28', 3, 2, 35),
  (3, 55000, 155, 12, 4000, 1500, 51500, '2023-03-31', 1, 3, 28),
  (4, 65000, 145, 9, 4200, 1800, 62000, '2023-04-30', 2, 4, 32),
  (5, 75000, 165, 11, 4800, 2200, 71000, '2023-05-31', 3, 5, 40),
  (6, 60000, 160, 10, 5000, 2000, 57500, '2023-06-30', 2, 6, 30),
  (7, 70000, 150, 8, 4500, 2500, 66500, '2023-07-31', 3, 7, 35),
  (8, 55000, 155, 12, 4000, 1500, 51500, '2023-08-31', 1, 8, 28),
  (9, 65000, 145, 9, 4200, 1800, 62000, '2023-09-30', 2, 9, 32),
  (10, 75000, 165, 11, 4800, 2200, 71000, '2023-10-31', 3, 10, 40),
  (11, 60000, 160, 10, 5000, 2000, 57500, '2023-11-30', 2, 11, 30),
  (12, 70000, 150, 8, 4500, 2500, 66500, '2023-12-31', 3, 12, 35),
  (13, 55000, 155, 12, 4000, 1500, 51500, '2024-01-31', 1, 13, 28),
  (14, 65000, 145, 9, 4200, 1800, 62000, '2024-02-29', 2, 14, 32),
  (15, 75000, 165, 11, 4800, 2200, 71000, '2024-03-31', 3, 15, 40),
  (16, 60000, 160, 10, 5000, 2000, 57500, '2024-04-30', 2, 16, 30),
  (17, 70000, 150, 8, 4500, 2500, 66500, '2024-05-31', 3, 17, 35),
  (18, 55000, 155, 12, 4000, 1500, 51500, '2024-06-30', 1, 18, 28),
  (19, 65000, 145, 9, 4200, 1800, 62000, '2024-07-31', 2, 19, 32),
  (20, 75000, 165, 11, 4800, 2200, 71000, '2024-08-31', 3, 20, 40);
  
INSERT INTO mydb.Category (cat_id, cat_name, cat_description)
VALUES
  (1, 'Electronics', 'Electronic gadgets and accessories'),
  (2, 'Clothing', 'Apparel for men, women, and children'),
  (3, 'Home and Furniture', 'Furniture and home decor items'),
  (4, 'Groceries', 'Food and household essentials'),
  (5, 'Toys and Games', 'Toys, games, and children\'s entertainment'),
  (6, 'Beauty and Personal Care', 'Cosmetics, skincare, and personal care products'),
  (7, 'Automotive', 'Car accessories and maintenance products'),
  (8, 'Sports and Outdoors', 'Sports equipment and outdoor gear'),
  (9, 'Health and Wellness', 'Healthcare and wellness products'),
  (10, 'Books and Media', 'Books, movies, music, and other media'),
  (11, 'Appliances', 'Home appliances and kitchen gadgets'),
  (12, 'Office Supplies', 'Stationery and office essentials'),
  (13, 'Jewelry and Accessories', 'Fashion accessories and jewelry'),
  (14, 'Pet Supplies', 'Pet food, toys, and grooming products'),
  (15, 'Crafts and Hobbies', 'Craft supplies and hobby materials'),
  (16, 'Home Improvement', 'Tools and materials for home improvement'),
  (17, 'Baby and Nursery', 'Baby products and nursery essentials'),
  (18, 'Outdoor Living', 'Outdoor furniture and garden accessories'),
  (19, 'Party Supplies', 'Party decorations and event supplies'),
  (20, 'Fitness and Exercise', 'Fitness equipment and exercise gear');

INSERT INTO mydb.Stores (store_id, store_name, store_address, store_city, store_state, store_zip_code, store_country, opening_date, store_contact_number, store_size)
VALUES
  (1, 'Walmart Supercenter - New York', '123 Main St', 'New York City', 'NY', '10001', 'USA', '2023-01-01', '555-1234', 15000),
  (2, 'Walmart Neighborhood Market - Los Angeles', '456 Oak St', 'Los Angeles', 'CA', '90001', 'USA', '2023-02-01', '555-5678', 8000),
  (3, 'Walmart Supercenter - Chicago', '789 Pine St', 'Chicago', 'IL', '60601', 'USA', '2023-03-01', '555-9101', 20000),
  (4, 'Walmart Supercenter - Houston', '101 Maple St', 'Houston', 'TX', '77001', 'USA', '2023-04-01', '555-1122', 18000),
  (5, 'Walmart Neighborhood Market - Phoenix', '202 Cedar St', 'Phoenix', 'AZ', '85001', 'USA', '2023-05-01', '555-3344', 10000),
  (6, 'Walmart Supercenter - Philadelphia', '303 Birch St', 'Philadelphia', 'PA', '19101', 'USA', '2023-06-01', '555-5566', 22000),
  (7, 'Walmart Supercenter - San Antonio', '404 Elm St', 'San Antonio', 'TX', '78201', 'USA', '2023-07-01', '555-7788', 19000),
  (8, 'Walmart Neighborhood Market - San Diego', '505 Walnut St', 'San Diego', 'CA', '92101', 'USA', '2023-08-01', '555-9900', 12000),
  (9, 'Walmart Supercenter - Dallas', '606 Pine St', 'Dallas', 'TX', '75201', 'USA', '2023-09-01', '555-1122', 21000),
  (10, 'Walmart Supercenter - San Jose', '707 Oak St', 'San Jose', 'CA', '95101', 'USA', '2023-10-01', '555-3344', 23000),
  (11, 'Walmart Neighborhood Market - Austin', '808 Maple St', 'Austin', 'TX', '73301', 'USA', '2023-11-01', '555-5566', 9000),
  (12, 'Walmart Supercenter - Jacksonville', '909 Cedar St', 'Jacksonville', 'FL', '32201', 'USA', '2023-12-01', '555-7788', 20000),
  (13, 'Walmart Supercenter - San Francisco', '1010 Elm St', 'San Francisco', 'CA', '94101', 'USA', '2024-01-01', '555-9900', 18000),
  (14, 'Walmart Neighborhood Market - Columbus', '1111 Walnut St', 'Columbus', 'OH', '43201', 'USA', '2024-02-01', '555-1122', 11000),
  (15, 'Walmart Supercenter - Indianapolis', '1212 Pine St', 'Indianapolis', 'IN', '46201', 'USA', '2024-03-01', '555-3344', 25000),
  (16, 'Walmart Supercenter - Seattle', '1313 Oak St', 'Seattle', 'WA', '98101', 'USA', '2024-04-01', '555-5566', 21000),
  (17, 'Walmart Neighborhood Market - Denver', '1414 Maple St', 'Denver', 'CO', '80201', 'USA', '2024-05-01', '555-7788', 9500),
  (18, 'Walmart Supercenter - Charlotte', '1515 Cedar St', 'Charlotte', 'NC', '28201', 'USA', '2024-06-01', '555-9900', 19000),
  (19, 'Walmart Supercenter - Washington, D.C.', '1616 Elm St', 'Washington', 'DC', '20001', 'USA', '2024-07-01', '555-1122', 20000),
  (20, 'Walmart Neighborhood Market - Nashville', '1717 Walnut St', 'Nashville', 'TN', '37201', 'USA', '2024-08-01', '555-3344', 8000);

INSERT INTO mydb.Customer (cust_id, cust_fname, cust_lname, cust_bdate, cust_email, cust_contactno, cust_address, cust_city, cust_state, cust_zipcode, cust_country)
VALUES
  (1, 'John', 'Doe', '1990-05-15', 'john.doe@email.com', '555-1234', '123 Main St', 'New York City', 'NY', '10001', 'USA'),
  (2, 'Jane', 'Smith', '1985-08-21', 'jane.smith@email.com', '555-5678', '456 Oak St', 'Los Angeles', 'CA', '90001', 'USA'),
  (3, 'Michael', 'Johnson', '1992-03-10', 'michael.johnson@email.com', '555-9101', '789 Pine St', 'Chicago', 'IL', '60601', 'USA'),
  (4, 'Emily', 'Brown', '1988-12-05', 'emily.brown@email.com', '555-1122', '101 Maple St', 'Houston', 'TX', '77001', 'USA'),
  (5, 'Daniel', 'Lee', '1995-06-28', 'daniel.lee@email.com', '555-3344', '202 Cedar St', 'Phoenix', 'AZ', '85001', 'USA'),
  (6, 'Olivia', 'Miller', '1983-09-17', 'olivia.miller@email.com', '555-5566', '303 Birch St', 'Philadelphia', 'PA', '19101', 'USA'),
  (7, 'William', 'Anderson', '1991-04-02', 'william.anderson@email.com', '555-7788', '404 Elm St', 'San Antonio', 'TX', '78201', 'USA'),
  (8, 'Sophia', 'Wilson', '1987-11-12', 'sophia.wilson@email.com', '555-9900', '505 Walnut St', 'San Diego', 'CA', '92101', 'USA'),
  (9, 'Ethan', 'Moore', '1994-02-25', 'ethan.moore@email.com', '555-1122', '606 Pine St', 'Dallas', 'TX', '75201', 'USA'),
  (10, 'Ava', 'Taylor', '1986-07-08', 'ava.taylor@email.com', '555-3344', '707 Oak St', 'San Jose', 'CA', '95101', 'USA'),
  (11, 'Liam', 'Thomas', '1993-01-19', 'liam.thomas@email.com', '555-5566', '808 Maple St', 'Austin', 'TX', '73301', 'USA'),
  (12, 'Emma', 'White', '1984-10-14', 'emma.white@email.com', '555-7788', '909 Cedar St', 'Jacksonville', 'FL', '32201', 'USA'),
  (13, 'Mason', 'Harris', '1996-05-06', 'mason.harris@email.com', '555-9900', '1010 Elm St', 'San Francisco', 'CA', '94101', 'USA'),
  (14, 'Isabella', 'Martin', '1989-12-28', 'isabella.martin@email.com', '555-1122', '1111 Walnut St', 'Columbus', 'OH', '43201', 'USA'),
  (15, 'Noah', 'Clark', '1982-03-03', 'noah.clark@email.com', '555-3344', '1212 Pine St', 'Indianapolis', 'IN', '46201', 'USA'),
  (16, 'Oliver', 'Lewis', '1997-08-09', 'oliver.lewis@email.com', '555-5566', '1313 Oak St', 'Toronto', 'ON', 'M5A 1A1', 'Canada'),
  (17, 'Amelia', 'King', '1981-06-23', 'amelia.king@email.com', '555-7788', '1414 Maple St', 'Sydney', 'NSW', '2000', 'Australia'),
  (18, 'Elijah', 'Jones', '1998-01-31', 'elijah.jones@email.com', '555-9900', '1515 Cedar St', 'London', 'England', 'SW1A 1AA', 'United Kingdom'),
  (19, 'Aria', 'Brown', '1980-09-05', 'aria.brown@email.com', '555-1122', '1616 Elm St', 'Paris', 'Île-de-France', '75001', 'France'),
  (20, 'Logan', 'Davis', '1999-04-18', 'logan.davis@email.com', '555-3344', '1717 Walnut St', 'Tokyo', 'Tokyo', '100-0001', 'Japan');

INSERT INTO mydb.loyalty (loyalty_id, points_earned, points_spent, customer_cust_id, points_balance, tier, enrollment_date, expiration_date)
VALUES
  (1, 500, 200, 1, 300, 'Silver', '2023-01-15', '2024-01-15'),
  (2, 700, 300, 2, 400, 'Gold', '2023-02-20', '2024-02-20'),
  (3, 300, 100, 3, 200, 'Bronze', '2023-03-25', '2024-03-25'),
  (4, 900, 400, 4, 500, 'Gold', '2023-04-10', '2024-04-10'),
  (5, 600, 200, 5, 400, 'Silver', '2023-05-05', '2024-05-05'),
  (6, 800, 300, 6, 500, 'Gold', '2023-06-12', '2024-06-12'),
  (7, 400, 100, 7, 300, 'Bronze', '2023-07-18', '2024-07-18'),
  (8, 1000, 400, 8, 600, 'Platinum', '2023-08-22', '2024-08-22'),
  (9, 1200, 500, 9, 700, 'Platinum', '2023-09-30', '2024-09-30'),
  (10, 300, 100, 10, 200, 'Bronze', '2023-10-05', '2024-10-05'),
  (11, 1500, 600, 11, 900, 'Diamond', '2023-11-10', '2024-11-10'),
  (12, 800, 300, 12, 500, 'Gold', '2023-12-15', '2024-12-15'),
  (13, 600, 200, 13, 400, 'Silver', '2024-01-20', '2025-01-20'),
  (14, 700, 300, 14, 400, 'Gold', '2024-02-25', '2025-02-25'),
  (15, 500, 200, 15, 300, 'Silver', '2024-03-30', '2025-03-30'),
  (16, 1000, 400, 16, 600, 'Platinum', '2024-04-05', '2025-04-05'),
  (17, 1200, 500, 17, 700, 'Platinum', '2024-05-10', '2025-05-10'),
  (18, 300, 100, 18, 200, 'Bronze', '2024-06-15', '2025-06-15'),
  (19, 1500, 600, 19, 900, 'Diamond', '2024-07-20', '2025-07-20'),
  (20, 800, 300, 20, 500, 'Gold', '2024-08-25', '2025-08-25');

INSERT INTO mydb.suppliers (supplier_id, supplier_name, person_of_contact, contact_email, contact_no, supplier_address, supplier_website, supplier_city, supplier_state, supplier_zipcode, supplier_country, category_cat_id)
VALUES
  (1, 'ElectroTech Solutions', 'John Smith', 'john@electrotech.com', '+1 (555) 123-4567', '123 Main Street', 'www.electrotech.com', 'Sacramento', 'CA', '94208', 'USA', 1),
  (2, 'FashionHub Garments', 'Emma Johnson', 'emma@fashionhub.com', '+1 (555) 987-6543', '456 West Avenue', 'www.fashionhub.com', 'Albany', 'NY', '12220', 'USA', 2),
  (3, 'HomeDeco Furnishings', 'Michael Davis', 'michael@homedeco.com', '+1 (555) 456-7890', '789 Right Lane', 'www.homedeco.com', 'Dallas', 'TX', '75201', 'USA', 3),
  (4, 'GroceryMart Suppliers', 'Emily White', 'emily@grocerymart.com', '+1 (555) 234-5678', '101 Clifton Street', 'www.grocerymart.com', 'Tampa', 'FL', '33101', 'USA', 4),
  (5, 'ToyWonder Creations', 'Daniel Clark', 'daniel@toywonder.com', '+1 (555) 876-5432', '321 Point Avenue', 'www.toywonder.com', 'Los Angeles', 'CA', '90001', 'USA', 5),
  (6, 'BeautyGlo Cosmetics', 'Sophia Turner', 'sophia@beautyglo.com', '+1 (555) 345-6789', '567 Baker Street', 'www.beautyglo.com', 'Utica', 'NY', '13501', 'USA', 6),
  (7, 'AutoParts Plus', 'Robert Brown', 'robert@autopartsplus.com', '+1 (555) 654-3210', '876 High Boulevard', 'www.autopartsplus.com', 'El Paso', 'TX', '79915', 'USA', 7),
  (8, 'SportGear Pro', 'Olivia Miller', 'olivia@sportgearpro.com', '+1 (555) 987-1234', '234 Memphis Arena', 'www.sportgearpro.com', 'Tallahassee', 'FL', '32307', 'USA', 8),
  (9, 'HealthTech Solutions', 'David Roberts', 'david@healthtech.com', '+1 (555) 321-7654', '543 Jackson Lane', 'www.healthtech.com', 'San Diego', 'CA', '92101', 'USA', 9),
  (10, 'BookWorld Publishers', 'Ava Anderson', 'ava@bookworld.com', '+1 (555) 876-5432', '789 Congress Street', 'www.bookworld.com', 'Rochester', 'NY', '14608', 'USA', 10),
  (11, 'ApplianceMaster', 'Liam Wilson', 'liam@appliancemaster.com', '+1 (555) 234-5678', '101 Hancock Avenue', 'www.appliancemaster.com', 'Austin', 'TX', '78613', 'USA', 11),
  (12, 'OfficeEssentials Pro', 'Grace Taylor', 'grace@officeessentials.com', '+1 (555) 876-9876', '456 North Street', 'www.officeessentials.com', 'Tampa', 'FL', '33602', 'USA', 12),
  (13, 'GlamJewels Collection', 'Ethan Clark', 'ethan@glamjewels.com', '+1 (555) 234-8765', '321 Sherman Lane', 'www.glamjewels.com', 'Bakersfield', 'CA', '93399', 'USA', 13),
  (14, 'PetCompanion Supplies', 'Zoe Baker', 'zoe@petcompanion.com', '+1 (555) 987-6543', '567 Grove Street', 'www.petcompanion.com', 'Phoenix', 'AZ', '85060', 'USA', 14),
  (15, 'CraftyCreations Store', 'Mia Wilson', 'mia@craftycreations.com', '+1 (555) 123-4567', '73 Vince Lane','www.craftycreations.com', 'Vancouver', 'WA', '98668', 'USA', 15),
  (16, 'ToolTech Innovations', 'Noah Smith', 'noah@tooltech.com', '+1 (555) 234-5678', '101 Bull Street', 'www.tooltech.com', 'Boulder', 'CO', '80309', 'USA', 16),
  (17, 'BabyBliss Essentials', 'Aiden Turner', 'aiden@babybliss.com', '+1 (555) 876-5432', '456 Will Lane', 'www.babybliss.com', 'Portland', 'OR', '97205', 'USA', 17),
  (18, 'OutdoorLiving Deluxe', 'Sofia Brown', 'sofia@outdoorliving.com', '+1 (555) 234-8765', '321 Garden Street', 'www.outdoorliving.com', 'Denver', 'CO', '80013', 'USA', 18),
  (19, 'PartyJoy Decorations', 'Lucas Miller', 'lucas@partyjoy.com', '+1 (555) 876-9876', '567 East Avenue', 'www.partyjoy.com', 'Sedona', 'AZ', '86336', 'USA', 19),
  (20, 'FitFlex Wellness', 'Emma Wilson', 'emma@fitflex.com', '+1 (555) 987-6543', '789 Washington Lane', 'www.fitflex.com', 'Olympia', 'WA', '98503', 'USA', 20);
  
INSERT INTO mydb.products (product_id, product_name, brand, product_description, price, suppliers_supplier_id, category_cat_id)
VALUES
  (1, 'Smartphone X', 'Walmart Electronics', 'High-performance smartphone with advanced features', 799.99, 1, 1),
  (2, 'Casual Jeans', 'Walmart Fashion', 'Comfortable and stylish jeans for everyday wear', 49.99, 2, 2),
  (3, 'Luxury Sofa', 'Walmart Home', 'Elegant sofa with premium upholstery for your living room', 999.99, 3, 3),
  (4, 'Grocery Essentials Bundle', 'Walmart Grocery', 'Essential food items for your daily needs', 79.99, 4, 4),
  (5, 'Race Car Toy', 'Walmart Toys', 'Fun toys and games for children of all ages', 69.99, 5, 5),
  (6, 'Makeup Kit', 'Walmart Beauty', 'Complete makeup kit with a variety of shades and tools', 39.99, 6, 6),
  (7, 'Tire Screws', 'Walmart Automotive', 'Best automotive supplies at the convenience of your local store', 49.99, 7, 7),
  (8, 'Running Shoes', 'Walmart Sports', 'Lightweight and durable running shoes for active lifestyles', 69.99, 8, 8),
  (9, 'Fitness Tracker', 'Walmart Health and Fitness', 'Smart fitness tracker for monitoring your health and workouts', 49.99, 9, 9),
  (10, 'Complete Encyclopedia', 'Walmart Books', 'Magical books that take you to the peak of your imagination', 89.99, 10, 10),
  (11, 'Kitchen Blender', 'Walmart Appliances', 'Powerful blender for smoothies and food preparation', 79.99, 11, 11),
  (12, 'Office Desk Chair', 'Walmart Office Supplies', 'Comfortable and ergonomic chair for your workspace', 129.99, 12, 12),
  (13, 'Elegant Diamond Necklace', 'Walmart Jewelry', 'Timeless diamond necklace for a touch of elegance', 199.99, 13, 13),  
  (14, 'Pet Food Bundle', 'Walmart Pet Supplies', 'Nutritious food options for your furry friends', 34.99, 14, 14),
  (15, 'Artistic Watercolor Set', 'Walmart Crafts', 'High-quality watercolor set for artistic expression and creativity', 29.99, 15, 15),
  (16, 'Cordless Power Screwdriver', 'Walmart Tools', 'Convenient cordless screwdriver for home improvement projects', 39.99, 16, 16),
  (17, 'Baby Diaper Bag', 'Walmart Baby Essentials', 'Spacious and stylish diaper bag for on-the-go parents', 49.99, 17, 17),
  (18, 'Garden Lounge Chair', 'Walmart Outdoor Living', 'Comfortable lounge chair for relaxing in your garden or patio', 79.99, 18, 18),
  (19, 'Party Decoration Kit', 'Walmart Party Supplies', 'Complete kit for decorating parties and special events', 29.99, 19, 19),
  (20, 'Yoga Mat and Block Set', 'Walmart Fitness', 'High-quality yoga mat and block set for effective workouts', 24.99, 20, 20);

INSERT INTO mydb.reviews (review_id, products_product_id, customer_cust_id, rating, review_text, review_date)
VALUES
  (1, 1, 1, 5, 'Excellent smartphone with great features!', '2023-01-15'),
  (2, 2, 2, 4, 'Nice pair of jeans, comfortable fit.', '2023-02-20'),
  (3, 3, 3, 5, 'The sofa looks luxurious and is very comfortable.', '2023-03-25'),
  (4, 4, 4, 4, 'Really enjoyed the fresh assortment of food provided.', '2023-04-10'),
  (5, 5, 5, 5, 'My kid got these toys and has been enjoying it ever since.', '2023-05-05'),
  (6, 6, 6, 3, 'The makeup kit was good, but the baggage was tampered.', '2023-06-12'),
  (7, 7, 7, 4, 'Got a good quick for a quick emergency situation.', '2023-07-18'),
  (8, 8, 8, 5, 'Ever since I worn these, I feel like I am on air flying.', '2023-08-22'),
  (9, 9, 9, 4, 'This tracker incentivizes me to get up every now and then', '2023-09-30'),
  (10, 10, 10, 5, 'Got the whole collection and it is extremely pretty in my set', '2023-10-05'),
  (11, 11, 11, 4, 'The blender was delivered quickly and works perfectly well', '2023-11-10'),
  (12, 12, 12, 5, 'I needed a chair quick for my office and it is more than sufficient.', '2023-12-15'),
  (13, 13, 13, 3, 'Bought it and it looks good, but the shine is wearing off.', '2024-01-20'),
  (14, 14, 14, 4, 'Got it for my dog and he loves it and is pretty happy', '2024-02-25'),
  (15, 15, 15, 5, 'Got it for my daughter and she just loves using it', '2024-03-30'),
  (16, 16, 16, 5, 'I did not expect it to have as much functionality it has.', '2024-04-05'),
  (17, 17, 17, 4, 'The diapers did not allow any rash and were comfortable.', '2024-05-10'),
  (18, 18, 18, 3, 'The chair was pretty good, although the design could be improved.', '2024-06-15'),
  (19, 19, 19, 4, 'The decorations were used for my friends birthday and she was happy.', '2024-07-20'),
  (20, 20, 20, 5, 'It has changed the way I work out every morning and would highly recommend.', '2024-08-25');

INSERT INTO mydb.Promotions (promo_id, promo_name, promo_description, promo_startdate, promo_enddate, discount_amount)
VALUES
  (1, 'Electronics Extravaganza', 'Special discounts on electronic products', '2023-01-15', '2023-02-15', 0.15),
  (2, 'Fashion Frenzy', 'Get trendy fashion items at discounted prices', '2023-02-20', '2023-03-20', 0.2),
  (3, 'Home Makeover Sale', 'Upgrade your home with exclusive furniture deals', '2023-03-25', '2023-04-25', 0.18),
  (4, 'Appliance Bonanza', 'Save big on kitchen appliances and more', '2023-04-10', '2023-05-10', 0.12),
  (5, 'Sports and Fitness Sale', 'Discounts on sports gear and fitness equipment', '2023-05-05', '2023-06-05', 0.15),
  (6, 'Home Decor Delights', 'Spruce up your space with decor items at a discount', '2023-06-12', '2023-07-12', 0.2),
  (7, 'Grocery Bargains', 'Special deals on essential grocery items', '2023-07-18', '2023-08-18', 0.1),
  (8, 'Pharmacy Wellness Week', 'Health and wellness products on sale', '2023-08-22', '2023-09-22', 0.15),
  (9, 'Office Essentials Expo', 'Discounts on office furniture and supplies', '2023-09-30', '2023-10-30', 0.18),
  (10, 'Auto Parts Blowout', 'Great deals on automotive parts and accessories', '2023-10-05', '2023-11-05', 0.12),
  (11, 'Beauty Bonanza', 'Makeup and beauty products at discounted prices', '2023-11-10', '2023-12-10', 0.2),
  (12, 'Tools and DIY Sale', 'Save on tools for your DIY projects', '2023-12-15', '2024-01-15', 0.15),
  (13, 'Toys and Games Extravaganza', 'Special deals on toys for kids', '2024-01-20', '2024-02-20', 0.2),
  (14, 'Pet Care Special', 'Discounts on pet food and supplies', '2024-02-25', '2024-03-25', 0.15),
  (15, 'Outdoor Adventure Sale', 'Gear up for outdoor activities at a discount', '2024-03-30', '2024-04-30', 0.18),
  (16, 'Running Gear Flash Sale', 'Save on running shoes and apparel', '2024-04-05', '2024-05-05', 0.12),
  (17, 'Cozy Home Collection', 'Deals on throw pillows and decor', '2024-05-10', '2024-06-10', 0.15),
  (18, 'Fresh and Healthy Week', 'Specials on fresh produce and healthy snacks', '2024-06-15', '2024-07-15', 0.2),
  (19, 'Allergy Relief Sale', 'Save on allergy medication and remedies', '2024-07-20', '2024-08-20', 0.15),
  (20, 'Office Illumination Event', 'Brighten your workspace with discounted desk lamps', '2024-08-25', '2024-09-25', 0.18);

INSERT INTO mydb.customer_service(ticket_id, submission_date, subject, description, status, resolution_date, customer_cust_id, employee_emp_id)
VALUES
  (1, '2023-01-15 08:30:00', 'Order Inquiry', 'I have not received my order yet.', 'Closed', '2023-01-20 09:45:00', 1, 1),
  (2, '2023-02-20 10:45:00', 'Product Return', 'Received a damaged item, need to return it.', 'Closed', '2023-02-25 11:30:00', 2, 2),
  (3, '2023-03-25 12:15:00', 'Delivery Delay', 'My order is delayed, I need assistance.', 'Closed', '2023-03-30 13:15:00', 3, 3),
  (4, '2023-04-10 14:20:00', 'Billing Issue', 'I was charged incorrectly for my purchase.', 'Closed', '2023-04-15 15:20:00', 4, 4),
  (5, '2023-05-05 16:30:00', 'Product Replacement', 'Received the wrong item, need a replacement.', 'Closed', '2023-05-10 17:30:00', 5, 5),
  (6, '2023-06-12 18:45:00', 'Quality Concern', 'The product I received does not meet expectations.', 'Closed', '2023-06-17 19:45:00', 6, 6),
  (7, '2023-07-18 20:00:00', 'Refund Request', 'I want to return the product and get a refund.', 'Closed', '2023-07-23 21:00:00', 7, 7),
  (8, '2023-08-22 22:10:00', 'Prescription Inquiry', 'Need information about prescription medication.', 'Closed', '2023-08-27 23:10:00', 8, 8),
  (9, '2023-09-30 09:00:00', 'Office Furniture Assembly', 'Having trouble assembling the office chair.', 'Closed', '2023-10-05 10:00:00', 9, 9),
  (10, '2023-10-05 11:15:00', 'Auto Parts Compatibility', 'I need assistance with choosing the right auto part.', 'Closed', '2023-10-10 12:15:00', 10, 10),
  (11, '2023-11-10 13:30:00', 'Beauty Product Recommendation', 'Looking for recommendations for skincare products.', 'Closed', '2023-11-15 14:30:00', 11, 11),
  (12, '2023-12-15 15:45:00', 'Tool Usage Query', 'Need guidance on using the power drill.', 'Closed', '2023-12-20 16:45:00', 12, 12),
  (13, '2024-01-20 17:55:00', 'Toy Safety Concern', 'Some parts of the toy set seem unsafe for kids.', 'Closed', '2024-01-25 18:55:00', 13, 13),
  (14, '2024-02-25 19:10:00', 'Pet Food Allergy', 'My pet seems to be allergic to the food, need advice.', 'Closed', '2024-03-01 20:10:00', 14, 14),
  (15, '2024-03-30 21:25:00', 'Camping Gear Inquiry', 'Looking for recommendations for camping gear.', 'Closed', '2024-04-04 22:25:00', 15, 15),
  (16, '2024-04-05 23:40:00', 'Running Shoes Exchange', 'Received the wrong size of running shoes, need to exchange.', 'Closed', '2024-04-10 00:40:00', 16, 16),
  (17, '2024-05-10 08:15:00', 'Home Decor Return', 'The throw pillow set does not match my decor, need to return.', 'Closed', '2024-05-15 09:15:00', 17, 17),
  (18, '2024-06-15 10:30:00', 'Produce Quality Concern', 'Some items in the fresh produce box are not fresh.', 'Closed', '2024-06-20 11:30:00', 18, 18),
  (19, '2024-07-20 12:45:00', 'Allergy Medication Side Effects', 'Experiencing side effects from the allergy medication.', 'Closed', '2024-07-25 13:45:00', 19, 19),
  (20, '2024-08-25 14:55:00', 'Desk Lamp Malfunction', 'The adjustable desk lamp is not working properly.', 'Closed', '2024-08-30 15:55:00', 20, 20);

INSERT INTO mydb.Inventory (inventory_id, stock_quantity, last_restock_date, suppliers_supplier_id, products_product_id, stores_store_id)
VALUES
  (1, 100, '2023-01-15', 1, 1, 1),
  (2, 150, '2023-02-20', 2, 2, 2),
  (3, 200, '2023-03-25', 3, 3, 3),
  (4, 80, '2023-04-10', 4, 4, 4),
  (5, 120, '2023-05-05', 5, 5, 5),
  (6, 50, '2023-06-12', 6, 6, 1),
  (7, 180, '2023-07-18', 7, 7, 2),
  (8, 90, '2023-08-22', 8, 8, 3),
  (9, 60, '2023-09-30', 9, 9, 4),
  (10, 70, '2023-10-05', 10, 10, 5),
  (11, 30, '2023-11-10', 11, 11, 1),
  (12, 100, '2023-12-15', 12, 12, 2),
  (13, 40, '2024-01-20', 13, 13, 3),
  (14, 120, '2024-02-25', 14, 14, 4),
  (15, 60, '2024-03-30', 15, 15, 5),
  (16, 25, '2024-04-05', 16, 16, 1),
  (17, 80, '2024-05-10', 17, 17, 2),
  (18, 150, '2024-06-15', 18, 18, 3),
  (19, 45, '2024-07-20', 19, 19, 4),
  (20, 70, '2024-08-25', 20, 20, 5);

INSERT INTO mydb.orders (order_id, order_date, order_amount, payment_method, customer_cust_id, quantity_sold)
VALUES
  (1, '2023-01-15 08:30:00', 500.00, 'Credit Card', 1, 2),
  (2, '2023-02-20 10:45:00', 120.50, 'PayPal', 2, 1),
  (3, '2023-03-25 12:15:00', 300.00, 'Debit Card', 3, 3),
  (4, '2023-04-10 14:20:00', 80.00, 'Cash on Delivery', 4, 1),
  (5, '2023-05-05 16:30:00', 150.00, 'Credit Card', 5, 2),
  (6, '2023-06-12 18:45:00', 50.00, 'PayPal', 6, 1),
  (7, '2023-07-18 20:00:00', 200.00, 'Debit Card', 7, 2),
  (8, '2023-08-22 22:10:00', 90.00, 'Credit Card', 8, 1),
  (9, '2023-09-30 09:00:00', 120.00, 'Cash on Delivery', 9, 3),
  (10, '2023-10-05 11:15:00', 70.00, 'PayPal', 10, 1),
  (11, '2023-11-10 13:30:00', 40.00, 'Debit Card', 11, 2),
  (12, '2023-12-15 15:45:00', 150.00, 'Credit Card', 12, 1),
  (13, '2024-01-20 17:55:00', 60.00, 'Cash on Delivery', 13, 2),
  (14, '2024-02-25 19:10:00', 180.00, 'PayPal', 14, 1),
  (15, '2024-03-30 21:25:00', 90.00, 'Debit Card', 15, 3),
  (16, '2024-04-05 23:40:00', 45.00, 'Credit Card', 16, 1),
  (17, '2024-05-10 08:15:00', 80.00, 'Cash on Delivery', 17, 2),
  (18, '2024-06-15 10:30:00', 150.00, 'PayPal', 18, 1),
  (19, '2024-07-20 12:45:00', 45.00, 'Debit Card', 19, 3),
  (20, '2024-08-25 14:55:00', 70.00, 'Credit Card', 20, 1);

INSERT INTO mydb.transaction (transac_id, transac_date, transac_amount, transac_type, acc_category, orders_order_id)
VALUES
  (1, '2023-01-15', 500.00, 'Sale', 'Revenue', 1),
  (2, '2023-02-20', 120.50, 'Sale', 'Revenue', 2),
  (3, '2023-03-25', 300.00, 'Sale', 'Revenue', 3),
  (4, '2023-04-10', 80.00, 'Sale', 'Revenue',  4),
  (5, '2023-05-05', 150.00, 'Sale', 'Revenue', 5),
  (6, '2023-06-12', 50.00, 'Sale', 'Revenue',  6),
  (7, '2023-07-18', 200.00, 'Sale', 'Revenue', 7),
  (8, '2023-08-22', 90.00, 'Sale', 'Revenue',  8),
  (9, '2023-09-30', 120.00, 'Sale', 'Revenue', 9),
  (10, '2023-10-05', 70.00, 'Sale', 'Revenue', 10),
  (11, '2023-11-10', 40.00, 'Sale', 'Revenue', 11),
  (12, '2023-12-15', 150.00, 'Sale', 'Revenue', 12),
  (13, '2024-01-20', 60.00, 'Sale', 'Revenue',  13),
  (14, '2024-02-25', 180.00, 'Sale', 'Revenue', 14),
  (15, '2024-03-30', 90.00, 'Sale', 'Revenue',  15),
  (16, '2024-04-05', 45.00, 'Sale', 'Revenue', 16),
  (17, '2024-05-10', 80.00, 'Sale', 'Revenue', 17),
  (18, '2024-06-15', 150.00, 'Sale', 'Revenue', 18),
  (19, '2024-07-20', 45.00, 'Sale', 'Revenue',  19),
  (20, '2024-08-25', 70.00, 'Sale', 'Revenue', 20);

insert into mydb.promotions_has_products (promotions_promo_id, products_product_id)
VALUES
  (1, 1),
  (2, 2),
  (2, 13),
  (3, 3),
  (4, 11),
  (5, 8),
  (5, 9),
  (6, 19),
  (6, 10),
  (7, 4),
  (9, 12),
  (10, 7),
  (11, 6),
  (12, 16),
  (13, 5),
  (14, 14),
  (15, 18),
  (16, 8),
  (18, 4),
  (20, 12);

INSERT INTO mydb.Orders_has_Products (orders_order_id, products_product_id)
VALUES
  (1, 4),
  (2, 8),
  (3, 12),
  (4, 16),
  (5, 20),
  (6, 3),
  (7, 7),
  (8, 11),
  (9, 15),
  (10, 19),
  (11, 2),
  (12, 6),
  (13, 10),
  (14, 14),
  (15, 18),
  (16, 1),
  (17, 5),
  (18, 9),
  (19, 13),
  (20, 17);

INSERT INTO mydb.shipping (ship_id, ship_date, ship_from, ship_to, ship_status, tracking_number, orders_order_id)
VALUES
  (1, '2023-01-15', 'Warehouse A', '123 Main St, Anytown, CA 12345, USA', 'Shipped', 'ABC123', 1),
  (2, '2023-02-20', 'Warehouse B', '456 Oak St, Another City, NY 67890, USA', 'In Transit', 'DEF456', 2),
  (3, '2023-03-25', 'Warehouse C', '789 Pine St, Differentville, TX 54321, USA', 'Delivered', 'GHI789', 3),
  (4, '2023-04-10', 'Warehouse D', '101 Elm St, Someplace, FL 13579, USA', 'Shipped', 'JKL101', 4),
  (5, '2023-05-05', 'Warehouse E', '202 Maple St, Nowhere, AZ 97531, USA', 'In Transit', 'MNO202', 5),
  (6, '2023-06-12', 'Warehouse A', '303 Birch St, Everytown, WA 24680, USA', 'Delivered', 'PQR303', 6),
  (7, '2023-07-18', 'Warehouse B', '404 Cedar St, Somewhere, OR 86420, USA', 'Shipped', 'STU404', 7),
  (8, '2023-08-22', 'Warehouse C', '505 Walnut St, Noway, CO 97531, USA', 'In Transit', 'VWX505', 8),
  (9, '2023-09-30', 'Warehouse D', '606 Pine St, Thisplace, CA 75309, USA', 'Delivered', 'YZA606', 9),
  (10, '2023-10-05', 'Warehouse E', '707 Oak St, Anyville, TX 24680, USA', 'Shipped', 'BCD707', 10),
  (11, '2023-11-10', 'Warehouse A', '808 Elm St, Otherplace, NY 97531, USA', 'In Transit', 'EFG808', 11),
  (12, '2023-12-15', 'Warehouse B', '909 Maple St, Nowhereville, FL 13579, USA', 'Delivered', 'HIJ909', 12),
  (13, '2024-01-20', 'Warehouse C', '111 Birch St, Yourtown, AZ 75309, USA', 'Shipped', 'KLM111', 13),
  (14, '2024-02-25', 'Warehouse D', '222 Cedar St, Cityville, WA 97531, USA', 'In Transit', 'NOP222', 14),
  (15, '2024-03-30', 'Warehouse E', '333 Walnut St, Elsewhere, CO 24680, USA', 'Delivered', 'QRS333', 15),
  (16, '2024-04-05', 'Warehouse A', '444 Pine St, Anyplace, CA 97531, USA', 'Shipped', 'TUV444', 16),
  (17, '2024-05-10', 'Warehouse B', '555 Oak St, Wherever, TX 13579, USA', 'In Transit', 'WXY555', 17),
  (18, '2024-06-15', 'Warehouse C', '666 Elm St, Someville, NY 75309, USA', 'Delivered', 'ZAB666', 18),
  (19, '2024-07-20', 'Warehouse D', '777 Maple St, Nothere, FL 24680, USA', 'Shipped', 'CDE777', 19),
  (20, '2024-08-25', 'Warehouse E', '888 Cedar St, Heretown, AZ 97531, USA', 'In Transit', 'FGH888', 20);